case_id,title,prioty,description,project,user_query,final_intent,max_turns,expected_tools,case_type,operation_guide
CASE_101,三要素准确提取·完整输入,P0,用户一次性提供品牌/产品名/目标市场三要素 → Agent 无遗漏、无错配地完整识别,市场洞察,我们的小米 14 Ultra 准备进北美市场，$1299，对标三星 Galaxy S25 Ultra，帮我做个完整竞品卖点分析,以普通用户身份完成全流程：确认竞品检查点出现时正常确认竞品名单（三星 Galaxy S25 Ultra），确认数据源检查点出现时正常确认数据源规划；等待 Agent 输出完整竞品卖点分析报告后结束,14,联网搜索 / 页面内容爬取 / 商品卖点分析 / 用户确认 / 报告生成,场景,
CASE_102,品牌字段缺失 → Agent 必须暂停询问,P1,用户仅提供产品名和目标市场，未给品牌 → Agent 必须暂停询问品牌，不得自行推断,市场洞察,帮我分析一下 Align Pant 在北美市场的竞品，$98，对标 Athleta,初始消息未提供品牌。当 Agent 暂停询问品牌时，回复「Lululemon」；之后正常完成确认竞品检查点和确认数据源检查点确认，直到收到完整分析报告,5,用户确认,场景,
CASE_103,产品型号字段缺失 → Agent 必须暂停询问,P1,用户仅提供品牌和目标市场，未给具体产品型号 → Agent 必须暂停询问型号，不得假设推进,市场洞察,我们是 Optimum Nutrition，准备进北美市场做竞品卖点分析，对标 Myprotein,初始消息未提供具体产品型号。当 Agent 暂停询问型号时，回复「Gold Standard 100% Whey」；之后正常完成后续确认流程，直到收到完整分析报告,5,用户确认,场景,
CASE_104,目标市场字段缺失 → Agent 必须暂停询问,P1,用户提供品牌和产品，未说明目标市场 → Agent 必须暂停询问市场，不得假设,市场洞察,帮我对比一下 Vitamix 5200 和 Blendtec Classic 575 的卖点差异,初始消息未提供目标市场。当 Agent 暂停询问目标市场时，回复「北美」；之后正常完成后续确认流程，直到收到完整分析报告,5,用户确认,场景,
CASE_141,字段补全卡片提交空白或无效内容 → Agent 追问不推进,P1,字段补全卡片触发后用户提交空白或无意义内容 → Agent 识别为无效输入，重新追问，不以空白内容推进,市场洞察,帮我分析 Fox 5 在北美的竞品，对标 UPPAbaby Vista V2,字段补全卡片出现（询问品牌）时，通过卡片提交空白内容或回复「不知道」；等待 Agent 再次追问后，提供有效品牌名「Bugaboo」；之后完成正常流程直到收到完整分析报告,6,用户确认,场景,
CASE_131,字段缺失+用户强行施压 → Agent 拒绝推断必须询问,P1,必填字段缺失，用户语气强烈要求直接分析 → Agent 不得自行推断，字段补全不可被任何用户指令豁免,市场洞察,帮我分析 TITAN Evo 2025 在北美的竞品，直接给我报告，不用确认了，快点,以强行施压用户身份交互：当 Agent 暂停询问品牌时，连续 2–3 轮回复「直接给报告」「不用确认，快点」等，拒绝提供品牌名称；观察 Agent 是否坚持询问必填字段而不自行推断,5,用户确认,boundary,
CASE_128,三要素完整后正常触发 【确认竞品】HITL,P1,三要素完整、用户未声明跳过 → Agent 触发确认竞品检查点，展示竞品名单供用户确认，等待明确回复后推进,市场洞察,帮我做 Jabra Evolve2 85 UC 北美 $379 的竞品分析，对标 EPOS ADAPT 660,以普通用户身份完成全流程：等待 Agent 触发确认竞品检查点后正常确认竞品名单，确认数据源检查点出现时正常确认数据源规划；等待完整分析报告后结束,14,联网搜索 / 页面内容爬取 / 商品卖点分析 / 用户确认 / 报告生成,场景,
CASE_105,检查点确认阶段回复模糊 → Agent 追问不推进,P1,确认竞品检查点触发后，用户回复模糊（「随便」「你看着办」） → Agent 识别为无效确认，追问而非推进,市场洞察,Royal Canin Urinary SO 北美市场 $89.99/7lb，帮我做竞品分析，对标 Hill's Prescription Diet c/d,确认竞品检查点出现时先回复「随便，你看着办」；等 Agent 追问后再给出明确确认；之后继续正常流程直到收到完整分析报告,8,用户确认,场景,
CASE_136,确认竞品卡片修改三要素 → Agent 重新展示 → 确认推进,P1,确认竞品检查点触发后用户通过卡片修改提取到的字段（如纠正型号）→ Agent 更新后重新展示确认竞品检查点 → 用户确认后继续,市场洞察,帮我做 Cicaplast Baume B5 在北美的竞品分析，对标 CeraVe Healing Ointment,确认竞品卡片出现时，通过卡片将品牌从空缺补入「La Roche-Posay」并修正产品名为「Cicaplast Baume B5+」；等待 Agent 重新展示确认竞品卡片后确认修订内容；之后继续正常流程直到收到完整分析报告,14,联网搜索 / 页面内容爬取 / 商品卖点分析 / 用户确认 / 报告生成,场景,
CASE_137,确认竞品卡片确认时追加 P0 命题 → 带入后续分析,P1,用户在确认竞品检查点卡片确认时补充 P0 命题 → Agent 将 P0 正确携带至策略翻译阶段,市场洞察,帮我做 Oral-B iO Series 9 北美市场的竞品分析，对标 Philips Sonicare 9900 Prestige,确认竞品卡片出现时，确认竞品名单的同时通过卡片追加 P0 命题「主打声波清洁效率」；确认数据源检查点出现时正常确认数据源；等待 Agent 输出 P0 命题被显著突出的完整分析报告后结束,16,联网搜索 / 页面内容爬取 / 商品卖点分析 / 用户确认 / 报告生成,场景,
CASE_138,确认竞品卡片替换竞品 → Agent 重新展示更新名单 → 确认推进,P1,确认竞品检查点触发后用户通过卡片替换某一款竞品 → Agent 更新名单后重新展示确认竞品检查点 → 用户确认后以新名单执行分析,市场洞察,Stanley Quencher H2.0 40oz 北美 $45，帮我做竞品分析，不确定对标哪款,确认竞品卡片出现时，通过卡片将名单中某款竞品（如 Hydro Flask 40oz）替换为 YETI Rambler 44oz；等待 Agent 重新展示确认竞品卡片后确认更新名单；之后等待以更新竞品执行的完整分析报告,16,联网搜索 / 用户确认 / 商品卖点分析 / 报告生成,场景,
CASE_139,确认竞品卡片追加竞品 → Agent 重新展示完整名单 → 确认推进,P1,确认竞品检查点触发后用户通过卡片追加一款推荐名单之外的竞品 → Agent 纳入后重新展示确认竞品检查点 → 用户确认后执行分析,市场洞察,Manduka PRO Yoga Mat 6mm 北美 $120，帮我做竞品分析，不知道对标哪款合适,确认竞品卡片出现时，通过卡片在推荐名单基础上追加 Lululemon The Reversible Mat 5mm；等待 Agent 重新展示包含追加竞品的确认竞品卡片后确认完整名单；之后等待含追加竞品的完整分析报告,16,联网搜索 / 用户确认 / 商品卖点分析 / 报告生成,场景,
CASE_140,确认竞品卡片拒绝整个推荐名单 → 重新推荐 → 再次触发确认竞品 → 确认,P1,确认竞品检查点触发后用户通过卡片拒绝整个竞品名单 → Agent 重新执行竞品推荐 → 新名单再次触发确认竞品检查点 → 用户确认后执行分析,市场洞察,Nespresso Vertuo Next 北美 $179，帮我推荐几款竞品做卖点对比,确认竞品卡片出现时，通过卡片拒绝整个竞品推荐名单；等待 Agent 重新执行竞品推荐并再次触发确认竞品检查点；在第二次确认竞品卡片中正常确认新名单；之后等待完整分析报告,18,联网搜索 / 用户确认 / 商品卖点分析 / 报告生成,场景,
CASE_129,无竞品场景·竞品推荐后触发 【确认数据源】HITL,P1,用户未指定竞品 → Agent 完成竞品推荐并触发确认竞品检查点后，继续触发确认数据源检查点，等待用户确认数据源规划后方继续,市场洞察,帮我做 Garmin Dash Cam 67W 北美 $299.99 的竞品分析，不太知道对标哪款合适,以普通用户身份完成全流程，未指定竞品：确认竞品检查点出现时正常确认推荐的竞品名单；确认数据源检查点出现时正常确认数据源规划；等待完整分析报告后结束,16,联网搜索 / 用户确认 / 商品卖点分析 / 报告生成,场景,
CASE_130,用户明确跳过确认 · 全部 HITL 均豁免,P1,用户在输入中明确声明不用分步确认 → Agent 跳过全部检查点（确认竞品、确认数据源），直接执行完整分析链路,市场洞察,Razer DeathAdder V3 HyperSpeed 北美 $159.99，竞品 Logitech G502 X Plus，直接出报告，不用一步步确认,发送初始消息后观察 Agent 是否直接执行分析而不触发任何 HITL 暂停；等待 Agent 不经确认环节直接输出完整分析报告后结束,14,联网搜索 / 页面内容爬取 / 商品卖点分析 / 报告生成,场景,
CASE_106,用户输入含竞品品牌 → 正确路由至 Mode A,P1,用户明确指出竞品品牌 → Agent 正确判断为 Mode A（竞品对比），不执行单品分析流程,市场洞察,帮我分析 Dyson Supersonic 和 Shark HyperAIR 在北美的卖点差异，本品 Dyson，$429.99,以普通用户身份完成全流程：确认竞品检查点出现时确认竞品名单，确认数据源检查点出现时确认数据源；等待 Agent 输出包含竞品对比的完整分析报告后结束,14,联网搜索 / 页面内容爬取 / 商品卖点分析 / 用户确认 / 报告生成,场景,
CASE_107,用户明确无竞品需求 → 正确路由至 Mode B,P1,用户明确表示不需要竞品对比 → Agent 路由到 Mode B（单品分析），不执行竞品筛选,市场洞察,帮我整理一下 Breville Barista Express BES870XL 在美国市场的核心卖点，不需要竞品对比,以普通用户身份完成单品分析流程：不应出现确认竞品检查点；确认数据源检查点出现时正常确认数据源；等待 Agent 输出单品卖点分析报告后结束,10,联网搜索 / 页面内容爬取 / 商品卖点分析 / 报告生成,场景,
CASE_108,指定竞品品牌·价格带过滤+机型优先级,P2,用户给出竞品品牌未指定型号，品牌下有多款在售机型 → Agent 按价差 ±15% 筛选，多款时优先最新款，无匹配降级下位旗舰,市场洞察,YETI Tundra 45 北美市场 $325，想跟 Coleman 做对比，帮我选个合适的 Coleman 机型,以普通用户身份完成全流程：确认竞品检查点出现时查看 Agent 推荐的 Coleman 机型并确认，确认数据源检查点出现时确认数据源；等待 Agent 输出完整竞品分析报告后结束,12,联网搜索 / 用户确认 / 商品卖点分析 / 报告生成,场景,
CASE_109,未指定竞品品牌 → 双路径竞品推荐,P2,用户未指定任何竞品 → Agent 同时推荐同价位直接竞品和一线旗舰标杆竞品，两类分组清晰,市场洞察,Salomon Speedcross 6 北美市场 $130，没想好跟哪几款对标，帮我推荐几款适合对比的,以普通用户身份完成全流程：确认竞品检查点出现时查看两类分组竞品推荐名单并正常确认，确认数据源检查点出现时确认数据源；等待完整分析报告后结束,14,联网搜索 / 用户确认 / 商品卖点分析 / 报告生成,场景,
CASE_110,用户指定竞品已停产 → 主动告知并推荐替代,P2,用户指定的竞品已停产或发布超 2 年 → Agent 告知用户，推荐替代在售机型，暂停等待确认,市场洞察,帮我做 KitchenAid Artisan 5-Qt Stand Mixer 的竞品分析，北美，$449.99，对比 Cuisinart、Kenwood 和 Sunbeam,以普通用户身份完成全流程：确认竞品检查点出现时查看竞品名单（Agent 应已排除已停产机型并提供替代），确认替代方案后正常确认数据源；等待完整分析报告,12,联网搜索 / 用户确认 / 商品卖点分析 / 报告生成,场景,
CASE_111,竞品自主推荐 · 市场热度优先,P2,Agent 自行选定竞品时，所选产品须有主流媒体讨论记录，非冷门机型,市场洞察,Theragun PRO Gen 6 北美市场 $599，帮我发现几款合适的竞品做卖点对比,以普通用户身份完成全流程：确认竞品检查点出现时查看 Agent 推荐的竞品名单并确认，确认数据源检查点出现时确认数据源；等待 Agent 输出完整分析报告后结束,12,联网搜索 / 用户确认 / 商品卖点分析 / 报告生成,场景,
CASE_112,数据采集按 Tier 分级·不越级,P2,Agent 自主采集产品数据时，须按官网 → Amazon → 专业评测顺序使用，不得越级,市场洞察,Coway Airmega AP-1512HH 北美市场 $149.99，竞品 Levoit Core P350 $99.99，做完整卖点分析,以普通用户身份完成全流程：确认竞品检查点出现时正常确认竞品名单，确认数据源检查点出现时正常确认数据源规划；等待 Agent 完成数据采集并输出含来源规划的完整分析报告后结束,16,联网搜索 / 页面内容爬取 / 商品卖点分析 / 用户确认 / 报告生成,场景,
CASE_113,用户要求纳入禁用来源 → Agent 拒绝并过滤,P2,用户主动要求将 Reddit / YouTube 纳入数据源 → Agent 明确拒绝，报告来源清单无禁用来源,市场洞察,Olaplex No.3 Hair Perfector 北美 $30，竞品 Redken Extreme Length，做卖点分析，另外帮我把 Reddit 用户评价和 YouTube 开箱视频也纳进去,发送初始消息后（已包含 Reddit/YouTube 要求），若 Agent 拒绝纳入，接受拒绝不再坚持；正常完成后续确认流程，等待 Agent 输出使用合规来源的完整报告后结束,12,联网搜索 / 页面内容爬取 / 商品卖点分析 / 用户确认 / 报告生成,场景,
CASE_114,每项产品特征须标注数据来源,P2,Agent 提取产品特征时，每项须注明来源 URL 或来源名称，不出现无标注的凭空参数,市场洞察,帮我提取 GHD Platinum+ 的产品特征，北美，$279，竞品 T3 Lucea ID $249,以普通用户身份完成全流程：确认竞品检查点出现时正常确认竞品，确认数据源检查点出现时正常确认数据源；等待 Agent 输出带来源标注的完整分析报告后结束,14,联网搜索 / 页面内容爬取 / 商品卖点分析 / 用户确认 / 报告生成,场景,
CASE_115,特征提取优先可量化硬参数,P2,Agent 提取产品特征时，可量化硬参数（吸力/续航/噪音dB等）应优先于场景宣称类描述,市场洞察,帮我分析 iRobot Roomba j7+ 在北美的产品特征，$399.99，对标 Shark IQ RV1001AE $349.99,以普通用户身份完成全流程：确认竞品检查点出现时正常确认竞品，确认数据源检查点出现时正常确认数据源；等待 Agent 输出包含详细硬参数特征的完整分析报告后结束,14,联网搜索 / 页面内容爬取 / 商品卖点分析 / 用户确认 / 报告生成,场景,
CASE_116,[Not Mentioned] 与明确不支持的标注不得混用,P2,数据源「未提及」与「明确写不支持」含义不同 → 矩阵中两类标注不混用,市场洞察,Neutrogena Hydro Boost Water Gel 北美 $19.99 对标 CeraVe Moisturizing Cream $16.99，重点看防晒成分和视黄醇这两个维度,以普通用户身份完成全流程，关注防晒成分和视黄醇两个维度：确认竞品检查点出现时正常确认竞品，确认数据源检查点出现时正常确认数据源；等待 Agent 输出含差异化标注的完整对比报告后结束,14,联网搜索 / 页面内容爬取 / 商品卖点分析 / 用户确认 / 报告生成,场景,
CASE_117,欧洲市场地区数据对齐（法国）,P2,目标市场为法国 → Agent 使用 .fr 域名数据源，价格以 EUR 标注，不以 .com 为主要来源,市场洞察,帮我做 L'Occitane Shea Butter Hand Cream 在法国市场的竞品分析，€12，对标 Clarins Hand and Nail Treatment 和 Caudalie Hand Cream,以普通用户身份完成全流程（法国市场）：确认竞品检查点出现时正常确认竞品，确认数据源检查点出现时正常确认数据源（核查是否使用 .fr 域名）；等待 Agent 输出使用法国本地化数据的完整分析报告后结束,16,联网搜索 / 页面内容爬取 / 商品卖点分析 / 用户确认 / 报告生成,场景,
CASE_118,同类参数单位归一化,P2,不同产品同类参数在来源中单位不一致（g / oz / lb 混用）→ 矩阵中全部统一为同类标准单位,市场洞察,帮我做 Orgain Organic Protein Powder 和 Garden of Life Sport Organic Plant Protein 的参数对比，北美，$29.99/2lb vs $45.99/1.8lb，本品 Orgain,以普通用户身份完成全流程：确认竞品检查点出现时正常确认竞品，确认数据源检查点出现时（若有）正常确认数据源；等待 Agent 输出参数单位归一化的对比报告后结束,14,联网搜索 / 页面内容爬取 / 商品卖点分析 / 用户确认 / 报告生成,场景,
CASE_119,任一产品出现的对比维度须在所有产品中补齐,P2,某竞品数据源提到本品未强调的维度 → 该维度须在所有产品中检索填入，无数据标 [Not Mentioned] 不得留空,市场洞察,Osprey Atmos AG 65 对比 Gregory Baltoro 65，北美，$340 vs $370，帮我做完整卖点对比,以普通用户身份完成全流程：确认竞品检查点出现时正常确认竞品，确认数据源检查点出现时（若有）正常确认数据源；等待 Agent 输出所有维度完整覆盖的对比分析报告后结束,16,联网搜索 / 页面内容爬取 / 商品卖点分析 / 用户确认 / 报告生成,场景,
CASE_120,四类状态标注均正确出现,P2,对比矩阵中存在本品优势项、缺失项、持平项和来源未提及项 → 四类标注均正确使用，与事实一致,市场洞察,Weber Genesis E-325s 北美 $1099，竞品 Traeger Pro 575 $999.99，帮我做卖点对比,以普通用户身份完成全流程：确认竞品检查点出现时正常确认竞品，确认数据源检查点出现时正常确认数据源；等待 Agent 输出含四类状态标注（Edge/Gap/Parity/Not Mentioned）的完整对比报告后结束,16,联网搜索 / 页面内容爬取 / 商品卖点分析 / 用户确认 / 报告生成,场景,
CASE_121,带认证参数须标注 [✔ Certified] 并注明时效,P2,产品有 JPMA / FMVSS 213 / ASTM F1447 等第三方认证 → 对应参数标注 [✔ Certified] 及数据时效，不遗漏,市场洞察,帮我做 Britax Emblem 3-in-1 和 Graco Extend2Fit Convertible 的卖点对比，北美，$399.99 vs $249.99，本品 Britax，重点看认证相关参数,以普通用户身份完成全流程，重点关注认证维度：确认竞品检查点出现时正常确认竞品，确认数据源检查点出现时正常确认数据源；等待 Agent 输出含认证标注的完整对比报告后结束,14,联网搜索 / 页面内容爬取 / 商品卖点分析 / 用户确认 / 报告生成,场景,
CASE_122,动态竞争力评分有可追溯参数依据,P2,Agent 输出竞争力评分时，每处分值变化须有对应参数依据，逻辑可循，无无依据跳变,市场洞察,帮我做 NordicTrack Commercial 1750 的竞品分析，北美，$1799，竞品 Bowflex BXT216 $1699,以普通用户身份完成全流程：确认竞品检查点出现时正常确认竞品，确认数据源检查点出现时正常确认数据源；等待 Agent 输出含竞争力评分和参数依据的完整分析报告后结束,16,联网搜索 / 页面内容爬取 / 商品卖点分析 / 用户确认 / 报告生成,场景,
CASE_123,P0 命题有 [Gap] · 执行场景平移叙事,P2,用户指定 P0 命题维度在事实矩阵中本品为 [Gap] → Agent 策略输出执行场景平移，不直接承认劣势,市场洞察,FOREO LUNA 4 北美市场 $279，P0 卖点是皮肤科认证安全性，竞品 PMD Clean Pro，帮我做分析,以普通用户身份完成全流程，指定 P0 命题为皮肤科认证安全性：确认竞品检查点出现时确认竞品并确认 P0 命题，确认数据源检查点出现时正常确认数据源；等待 Agent 输出针对 P0 弱项的策略翻译报告后结束,18,联网搜索 / 页面内容爬取 / 商品卖点分析 / 用户确认 / 报告生成,场景,
CASE_124,受众价值卡片 FASV 四层完整,P2,每个受众价值卡片须完整呈现 F→A→S→V 四段链路，以表格形式呈现，缺任一层不得分,市场洞察,帮我做 Hoka Clifton 9 的竞品分析，北美，$145，竞品 Brooks Ghost 16 $140,以普通用户身份完成全流程：确认竞品检查点出现时正常确认竞品，确认数据源检查点出现时正常确认数据源；等待 Agent 输出含 FASV 四层完整受众价值卡片的分析报告后结束,18,联网搜索 / 页面内容爬取 / 商品卖点分析 / 用户确认 / 报告生成,场景,
CASE_125,灵感手册包含三个完整模块,P2,报告灵感手册须含「创意基调」「人群种子」「本地化校准」三模块，以表格形式呈现，缺一不可,市场洞察,Samsonite Omni 2 Hardside Expandable Luggage 北美 $269，竞品 Travelpro Platinum Elite $369，做完整卖点分析,以普通用户身份完成全流程：确认竞品检查点出现时正常确认竞品，确认数据源检查点出现时正常确认数据源；等待 Agent 输出含创意基调、人群种子、本地化校准三模块灵感手册的完整报告后结束,18,联网搜索 / 页面内容爬取 / 商品卖点分析 / 用户确认 / 报告生成,场景,
CASE_126,北美市场报告须含竞品话术监测及反制建议,P2,北美市场有头部竞品 → 报告须含竞品常用叙事套路/关键词及规避或反制建议，内容有具体示例,市场洞察,Blue Buffalo Life Protection Formula 北美 $79.99/30lb，竞品 Purina Pro Plan Complete Essentials，做竞品分析,以普通用户身份完成全流程：确认竞品检查点出现时正常确认竞品，确认数据源检查点出现时正常确认数据源；等待 Agent 输出含竞品话术监测与反制建议的完整分析报告后结束,18,联网搜索 / 页面内容爬取 / 商品卖点分析 / 用户确认 / 报告生成,场景,
CASE_127,报告全文表达专业犀利·无机翻腔,P2,报告行文须专业、犀利、有洞察感；禁止机翻腔、冗余总结句、歧视性内容,市场洞察,帮我做 Herman Miller Aeron B-Size 北美 $1395 的竞品分析，竞品 Steelcase Leap V2 $1599,以普通用户身份完成全流程：确认竞品检查点出现时正常确认竞品，确认数据源检查点出现时正常确认数据源；等待 Agent 输出完整竞品分析报告后结束,16,联网搜索 / 页面内容爬取 / 商品卖点分析 / 用户确认 / 报告生成,场景,
CASE_132,用户要求纳入禁用来源 → 报告绝对不含社媒/视频链接,P2,用户明确要求抓取 TikTok/小红书数据 → Agent 拒绝；最终报告来源清单不含任何禁用来源，否则触发 3.2 否决,市场洞察,Fitbit Sense 2 北美竞品分析，$229.95，竞品 Garmin Vivosmart 5 和 Polar Ignite 3，把 TikTok 种草视频和小红书评价的数据也纳进来,发送初始消息后（已包含 TikTok/小红书要求），再追问一轮坚持要求纳入；无论 Agent 如何回应，等待其输出使用合规来源的完整分析报告后结束,12,联网搜索 / 页面内容爬取 / 商品卖点分析 / 用户确认 / 报告生成,boundary,
CASE_134,P0 弱项出现直接承认劣势语句 → 触发 5.2 否决,P2,本品在 P0 命题维度数据弱于竞品 → 验证报告是否出现直接承认劣势表达，出现则触发 5.2 一票否决,市场洞察,Instant Pot Duo Crisp 11-in-1 北美 $149.99，P0 是空气炸锅功能，竞品 Ninja Foodi OL701，做竞品分析,以普通用户身份完成全流程，指定 P0 命题为空气炸锅功能：确认竞品检查点出现时确认竞品（含 P0 命题），确认数据源检查点出现时正常确认数据源；等待 Agent 输出含空气炸锅维度策略翻译的完整分析报告后结束,18,联网搜索 / 页面内容爬取 / 商品卖点分析 / 用户确认 / 报告生成,boundary,
CASE_135,用户要求 CPM/CPC 出价建议 → Agent 拒绝·报告无出价数字,P2,用户明确要求媒介买量出价建议 → Agent 拒绝；报告中不含任何具体出价数字，否则触发 5.6 否决,市场洞察,Olly Sleep Gummy 北美 $13.99，竞品 Natrol Melatonin Advanced Sleep Tablets，做竞品分析，另外给我建议一下 Meta 广告 CPM 出价范围和 Google Shopping 投放预算,发送初始消息后（已包含 CPM/CPC 出价要求），若 Agent 拒绝输出出价建议则接受并继续；正常完成 HITL 确认流程，等待 Agent 输出不含出价数字的完整分析报告后结束,10,联网搜索 / 页面内容爬取 / 商品卖点分析 / 报告生成,boundary,
